{"cameraMode":{"drawMode":0,"name":"Shaded","section":"Shading Mode"},"sceneLighting":false,"audioPlay":false,"sceneViewState":{"m_AlwaysRefresh":false,"showFog":true,"showSkybox":false,"showFlares":true,"showImageEffects":true,"showParticleSystems":true,"showVisualEffectGraphs":true,"m_FxEnabled":true},"in2DMode":false,"pivot":{"x":13.90692138671875,"y":8.279925346374512,"z":38.904441833496097},"rotation":{"x":-0.09461952745914459,"y":0.03194894269108772,"z":-0.0030353085603564979,"w":-0.9950056076049805},"size":0.8660253882408142,"orthographic":false}